<?xml version="1.0" encoding="UTF-8"?>
<project-private xmlns="http://www.netbeans.org/ns/project-private/1">
    <editor-bookmarks xmlns="http://www.netbeans.org/ns/editor-bookmarks/2" lastBookmarkId="0"/>
    <open-files xmlns="http://www.netbeans.org/ns/projectui-open-files/2">
        <group>
            <file>file:/D:/document/Aplikasi%20Sport%20Yoscruizer/src/Aplikasi_yoscruizer/MenuLose.java</file>
            <file>file:/D:/document/Aplikasi%20Sport%20Yoscruizer/src/Aplikasi_yoscruizer/FormUser.java</file>
            <file>file:/D:/document/Aplikasi%20Sport%20Yoscruizer/src/Aplikasi_yoscruizer/FormDataUser.java</file>
            <file>file:/D:/document/Aplikasi%20Sport%20Yoscruizer/src/Aplikasi_yoscruizer/cetak_faktur.java</file>
            <file>file:/D:/document/Aplikasi%20Sport%20Yoscruizer/src/Aplikasi_yoscruizer/Penjualan.java</file>
            <file>file:/D:/document/Aplikasi%20Sport%20Yoscruizer/src/Aplikasi_yoscruizer/application-exit.png</file>
            <file>file:/D:/document/Aplikasi%20Sport%20Yoscruizer/src/Aplikasi_yoscruizer/customers.png</file>
            <file>file:/D:/document/Aplikasi%20Sport%20Yoscruizer/src/Aplikasi_yoscruizer/Pembeli.java</file>
            <file>file:/D:/document/Aplikasi%20Sport%20Yoscruizer/src/Aplikasi_yoscruizer/document_delete.png</file>
            <file>file:/D:/document/Aplikasi%20Sport%20Yoscruizer/src/Aplikasi_yoscruizer/Mobil.java</file>
            <file>file:/D:/document/Aplikasi%20Sport%20Yoscruizer/src/Aplikasi_yoscruizer/lihat_mobil.java</file>
            <file>file:/D:/document/Aplikasi%20Sport%20Yoscruizer/src/Aplikasi_yoscruizer/Zoom.png</file>
            <file>file:/D:/document/Aplikasi%20Sport%20Yoscruizer/src/Aplikasi_yoscruizer/lihat_faktur.java</file>
            <file>file:/D:/document/Aplikasi%20Sport%20Yoscruizer/src/Aplikasi_yoscruizer/ferari.jpg</file>
            <file>file:/D:/document/Aplikasi%20Sport%20Yoscruizer/src/Aplikasi_yoscruizer/Faktur.java</file>
            <file>file:/D:/document/Aplikasi%20Sport%20Yoscruizer/src/Aplikasi_yoscruizer/AksiDB.java</file>
            <file>file:/D:/document/Aplikasi%20Sport%20Yoscruizer/src/Aplikasi_yoscruizer/lihat_transaksi.java</file>
            <file>file:/D:/document/Aplikasi%20Sport%20Yoscruizer/src/Aplikasi_yoscruizer/MenuUtama.java</file>
            <file>file:/D:/document/Aplikasi%20Sport%20Yoscruizer/src/Aplikasi_yoscruizer/Transaksi.java</file>
            <file>file:/D:/document/Aplikasi%20Sport%20Yoscruizer/src/Aplikasi_yoscruizer/lihat_pembeli.java</file>
            <file>file:/D:/document/Aplikasi%20Sport%20Yoscruizer/src/Aplikasi_yoscruizer/menuLogin.java</file>
            <file>file:/D:/document/Aplikasi%20Sport%20Yoscruizer/src/Aplikasi_yoscruizer/PenjualanMobil.java</file>
        </group>
    </open-files>
</project-private>
